Ano;Região;UF;Estado;Organização Acadêmica;Instituicao;Instituição (Nome);Gastos_Correntes_matricula;Gastos Correntes | Gastos Totais;Gastos Correntes | Gastos Correntes;Gastos Correntes | Inativos e Pensionistas;Gastos Correntes | Investimentos e Inversões Financeiras;Gastos Correntes | Precatórios;Gastos Correntes | Outros Custeios;Gastos Correntes | Pessoal
2022;Centro-Oeste;DF;Distrito Federal;"Institutos Federais, Cefet's e Colégio Pedro II";IFB;Instituto Federal de Brasília;11969,44966537655;295160146,34;263724591,61999997;3887995,17;27459080,15;88479,4;38038111,21000001;229673252,09
2022;Centro-Oeste;GO;Goiás;"Institutos Federais, Cefet's e Colégio Pedro II";IF GOIANO;Instituto Federal Goiano;18600,401276734083;392644910,19000006;347168598,61;26075325,13;17875268,1;1525718,35;60386626,129999995;314407509,6
2022;Centro-Oeste;GO;Goiás;"Institutos Federais, Cefet's e Colégio Pedro II";IFG;Instituto Federal de Goiás;21071,795427428693;525098174,74999994;442401610,1199999;67326562,48;11092609,530000001;4277392,62;47465904,4;466549044,69
2022;Centro-Oeste;MS;Mato Grosso do Sul;"Institutos Federais, Cefet's e Colégio Pedro II";IFMS;Instituto Federal do Mato Grosso do Sul;12106,682455195652;243657606,48000002;222385485,95000005;1637467,54;19504994,509999998;129658,48;28583754,67;195574537,56
2022;Centro-Oeste;MT;Mato Grosso;"Institutos Federais, Cefet's e Colégio Pedro II";IFMT;Instituto Federal do Mato Grosso;15443,175009751389;541317863,35;447664701,31000006;63124092,61;29210398,259999998;1318671,17;85708622,96;426441754,15
2022;Nordeste;AL;Alagoas;"Institutos Federais, Cefet's e Colégio Pedro II";IFAL;Instituto Federal de Alagoas;16659,347206973223;498164249,50999993;397502573,8899999;66884380,13;20750370,19;13026925,299999999;54536460,99;422890013,3499999
2022;Nordeste;BA;Bahia;"Institutos Federais, Cefet's e Colégio Pedro II";IF BAIANO;Instituto Federal Baiano;20828,059482312394;380462209,97;357401278,84000003;14277177,67;5916526,89;2867226,57;59322264,95999999;315226588,45
2022;Nordeste;BA;Bahia;"Institutos Federais, Cefet's e Colégio Pedro II";IFBA;Instituto Federal da Bahia;18336,404851095336;674160339,4700001;585018096,3700001;76955624,58;10554338,67;1632279,85;84518566,14000002;579119494,3
2022;Nordeste;CE;Ceará;"Institutos Federais, Cefet's e Colégio Pedro II";IFCE;Instituto Federal do Ceará;12782,326355653835;878528707,23;756751194,84;84721710,49;22944189,77;14111612,129999999;104995620,15;750609340,47
2022;Nordeste;MA;Maranhão;"Institutos Federais, Cefet's e Colégio Pedro II";IFMA;Instituto Federal do Maranhão;13909,706948096367;719001529,6400001;643166930,1000001;52884337,94;22823450,95;126810,65;95723102,46000001;600454976,23
2022;Nordeste;PB;Paraíba;"Institutos Federais, Cefet's e Colégio Pedro II";IFPB;Instituto Federal da Paraíba;15273,793595970455;636154089,7199999;527220230,76;90129185,25;17442721,150000002;1361952,56;67591997,55;551121068,59
2022;Nordeste;PE;Pernambuco;"Institutos Federais, Cefet's e Colégio Pedro II";IF SERTÃO-PE;Instituto Federal do Sertão Pernambucano;18631,584967603158;215283197,28000003;197205633,8;13825611,93;2600472,99;1651478,56;26321890,71;186360833,57999998
2022;Nordeste;PE;Pernambuco;"Institutos Federais, Cefet's e Colégio Pedro II";IFPE;Instituto Federal de Pernambuco;17899,182293381065;645377561,35;494081235,1700001;119297946,4;11527342,25;20471037,53;65599436,98;568253483,11
2022;Nordeste;PI;Piauí;"Institutos Federais, Cefet's e Colégio Pedro II";IFPI;Instituto Federal do Piauí;14595,146955614413;521251089,39;463908563,08;49170130,68;4476967,79;3695427,84;62530331,44;454270707,49
2022;Nordeste;RN;Rio Grande do Norte;"Institutos Federais, Cefet's e Colégio Pedro II";IFRN;Instituto Federal do Rio Grande do Norte;15736,044597163605;712403558,9;618749222,23;77536626,67;13661564,94;2456145,06;89749249,57000001;609007309,4
2022;Nordeste;SE;Sergipe;"Institutos Federais, Cefet's e Colégio Pedro II";IFS;Instituto Federal de Sergipe;19832,196911099498;302161134,54;242403769,12000003;53720206,63;1949231,54;4087927,25;29844427,59;270369035,91
2022;Norte;AC;Acre;"Institutos Federais, Cefet's e Colégio Pedro II";IFAC;Instituto Federal do Acre;19155,04475426408;147883908,51000002;133612432,69000003;743716,1;12924467,649999999;603292,0700000001;20000169,09;114959475,9
2022;Norte;AM;Amazonas;"Institutos Federais, Cefet's e Colégio Pedro II";IFAM;Instituto Federal do Amazonas;15079,793176673902;425381916,88000005;356943944,7200001;49266178,33;18583146,81;588647,02;66786952;340011818,07000005
2022;Norte;AP;Amapá;"Institutos Federais, Cefet's e Colégio Pedro II";IFAP;Instituto Federal do Amapá;17452,876883939203;121158203,94000001;113054797,29;929423,65;7076916,8;97066,2;22315772,14;91765515
2022;Norte;PA;Pará;"Institutos Federais, Cefet's e Colégio Pedro II";IFPA;Instituto Federal do Pará;17873,752439108506;547722315,8;471902818,5999999;61814164,29;13267733,96;737598,95;68438696,53;466015885,31
2022;Norte;RO;Rondônia;"Institutos Federais, Cefet's e Colégio Pedro II";IFRO;Instituto Federal de Rondônia;11098,083964297994;279011218,86;243560667,64000005;6481850,02;28880698,990000002;88002,21;47001435,61;203131438,26999998
2022;Norte;RR;Roraima;"Institutos Federais, Cefet's e Colégio Pedro II";IFRR;Instituto Federal de Roraima;22135,059081995427;156466517,94;128097457,32;21322499,78;6959625,25;86935,59;20070650,29;129438472,2
2022;Norte;TO;Tocantins;"Institutos Federais, Cefet's e Colégio Pedro II";IFTO;Instituto Federal do Tocantins;14301,750782576491;281541752;266691300,62;4997942,2;9852509,18;;43360031,330000006;228337624,72
2022;Sudeste;ES;Espírito Santo;"Institutos Federais, Cefet's e Colégio Pedro II";IFES;Instituto Federal do Espírito Santo;17893,39570943969;826303374,5200001;674351754,6400001;107513414,1;36061487,31;8376718,47;122194116,98000002;668068525,66
2022;Sudeste;MG;Minas Gerais;"Institutos Federais, Cefet's e Colégio Pedro II";CEFET-MG;Centro Federal de Educação Tecnológica de Minas Gerais;21883,116645216563;527195970,83;401171404,34000003;115223661,9;8765832,129999999;2035072,46;63339238,529999994;455119766,8
2022;Sudeste;MG;Minas Gerais;"Institutos Federais, Cefet's e Colégio Pedro II";IF SUDESTE MG;Instituto Federal do Sudeste de Minas Gerais;18593,37016068583;335267972,02;284727135,90000004;43163034,52;6672021,02;705780,58;37849502,480000004;290760671,4
2022;Sudeste;MG;Minas Gerais;"Institutos Federais, Cefet's e Colégio Pedro II";IFMG;Instituto Federal de Minas Gerais;16868,56943863219;486220765,52;410767656,15999997;49615766,06;25368381,729999997;468961,57;53818388,589999996;407080165,11
2022;Sudeste;MG;Minas Gerais;"Institutos Federais, Cefet's e Colégio Pedro II";IFNMG;Instituto Federal do Norte de Minas Gerais;13287,540608182262;314841192,17;286254241,39000005;18605177,76;9604570,120000001;377202,9;49864132,050000004;255378677,88
2022;Sudeste;MG;Minas Gerais;"Institutos Federais, Cefet's e Colégio Pedro II";IFSULDEMINAS;Instituto Federal do Sul de Minas Gerais;7779,331742616751;333454096,22;281372875,66;38882790,64;12987039,48;211390,44;65039642,36;255466070,54
2022;Sudeste;MG;Minas Gerais;"Institutos Federais, Cefet's e Colégio Pedro II";IFTM;Instituto Federal do Triângulo Mineiro;20360,43093876977;273275240,28;239140071,93999997;28755985,23;4812886,39;566296,72;26687646,619999997;241784091,04
2022;Sudeste;RJ;Rio de Janeiro;"Institutos Federais, Cefet's e Colégio Pedro II";CEFET-RJ;Centro Federal de Educação Tecnológica Celso Suckow da Fonseca;13814,452905430682;435264884,1999999;311046566,9799999;118201787,6;3909210,52;2107319,1;34872085,22;396491056,49
2022;Sudeste;RJ;Rio de Janeiro;"Institutos Federais, Cefet's e Colégio Pedro II";CPII;Colégio Pedro II;22209,803641382303;753276245,3499999;426966856,52;291225849,9;6354708,27;28728830,66;54488347,28;692477880,75
2022;Sudeste;RJ;Rio de Janeiro;"Institutos Federais, Cefet's e Colégio Pedro II";IFF;Instituto Federal Fluminense;15760,471203976374;468188874,77;374924799,42999995;83732107,29;6154976,69;3376991,36;57507783,82;404548222,12
2022;Sudeste;RJ;Rio de Janeiro;"Institutos Federais, Cefet's e Colégio Pedro II";IFRJ;Instituto Federal do Rio de Janeiro;21479,603454728556;489685074,02000004;420272912,23;55446882,62;11931838,780000001;2033440,39;43447614,35;434327315,81
2022;Sudeste;SP;São Paulo;"Institutos Federais, Cefet's e Colégio Pedro II";IFSP;Instituto Federal de São Paulo;15497,320707553334;1101739232,75;975144512,7399999;76898462,18;49263323,339999996;432934,49;117974227,04000002;934520131,09
2022;Sul;PR;Paraná;"Institutos Federais, Cefet's e Colégio Pedro II";IFPR;Instituto Federal do Paraná;15345,238181465638;507160028,49;476430054,82;8780399,79;20616885,009999998;1332688,8699999999;58591879,19;427971226,56
2022;Sul;RS;Rio Grande do Sul;"Institutos Federais, Cefet's e Colégio Pedro II";IF FARROUPILHA;Instituto Federal Farroupilha;21314,018579149535;359729431,20000005;325742556,24000007;20253961,93;11288036,57;2444876,46;53439215,11;295015686,12
2022;Sul;RS;Rio Grande do Sul;"Institutos Federais, Cefet's e Colégio Pedro II";IFRS;Instituto Federal do Rio Grande do Sul;10870,519455185222;529657080,09999996;479243317,65999997;33763453,02;10667312,7;5982996,72;55470489,60999999;463539186,04
2022;Sul;RS;Rio Grande do Sul;"Institutos Federais, Cefet's e Colégio Pedro II";IFSUL;Instituto Federal Sul-rio-grandense;12258,99767556152;516561925,92999995;419177050,16999996;77296276,82;11343164,52;8745434,42;52742303,85;452478900,15
2022;Sul;SC;Santa Catarina;"Institutos Federais, Cefet's e Colégio Pedro II";IFC;Instituto Federal Catarinense;18227,51169080105;434090270,8;389577596,21;27667718,54;14206104,07;2638851,98;58115448,1;361784788,6
2022;Sul;SC;Santa Catarina;"Institutos Federais, Cefet's e Colégio Pedro II";IFSC;Instituto Federal de Santa Catarina;13192,528536239573;687896819,67;564383875,68;84138882,3;19171106,580000002;20202955,11;63068977,91;605660694,89
2021;Centro-Oeste;DF;Distrito Federal;"Institutos Federais, Cefet's e Colégio Pedro II";IFB;Instituto Federal de Brasília;13789,10584408375;273256443,44000006;255450054,46000007;3143955,76;14662433,219999999;;34079849,92;224525734,70000002
2021;Centro-Oeste;GO;Goiás;"Institutos Federais, Cefet's e Colégio Pedro II";IF GOIANO;Instituto Federal Goiano;17762,887015146855;361166312,1000001;323209815,21000004;24788633,68;12818206,6;349656,61;48855780,769999996;299511335,09000003
2021;Centro-Oeste;GO;Goiás;"Institutos Federais, Cefet's e Colégio Pedro II";IFG;Instituto Federal de Goiás;22441,128422216436;513354588,68;439722211,19;63799732,38;9832645,11;;41581253,82;461945853,19
2021;Centro-Oeste;MS;Mato Grosso do Sul;"Institutos Federais, Cefet's e Colégio Pedro II";IFMS;Instituto Federal do Mato Grosso do Sul;12976,971703187428;218627435,75;210764405,26000002;1367045,82;6495984,669999999;;21252603,5;190879722,33999997
2021;Centro-Oeste;MT;Mato Grosso;"Institutos Federais, Cefet's e Colégio Pedro II";IFMT;Instituto Federal do Mato Grosso;14660,169983430207;494461144,89000005;415909029,76000005;60887401,14;16540661,04;1124052,95;60625632,89;417312094,52
2021;Nordeste;AL;Alagoas;"Institutos Federais, Cefet's e Colégio Pedro II";IFAL;Instituto Federal de Alagoas;16804,551785473945;479927447,98999995;378766052,12999994;65151371,33;14819169,35;21190855,18;44914335,5;420194890,41999996
2021;Nordeste;BA;Bahia;"Institutos Federais, Cefet's e Colégio Pedro II";IF BAIANO;Instituto Federal Baiano;19667,389967643932;354495989,62;333589988,65999997;13914722,8;5523967,35;1467310,81;45170789,09;303806897,69
2021;Nordeste;BA;Bahia;"Institutos Federais, Cefet's e Colégio Pedro II";IFBA;Instituto Federal da Bahia;16951,55326526841;633316687,0400001;545818865,9600002;73958821,53;12567396,790000001;971602,76;65081962,92;555671830,9799999
2021;Nordeste;CE;Ceará;"Institutos Federais, Cefet's e Colégio Pedro II";IFCE;Instituto Federal do Ceará;14176,534736329266;832103804,91;711248475,26;81381615,85;31547513,03;7926200,77;83343035,31;717218670,7199999
2021;Nordeste;MA;Maranhão;"Institutos Federais, Cefet's e Colégio Pedro II";IFMA;Instituto Federal do Maranhão;15620,588857868199;668273385,5199999;606905551,7299999;50757740,26;10144897,219999999;465196,30999999994;67845095,96;590283392,34
2021;Nordeste;PB;Paraíba;"Institutos Federais, Cefet's e Colégio Pedro II";IFPB;Instituto Federal da Paraíba;11858,060478379486;598128006,3500001;495333849,90000015;88518800,63;11485449,32;2789906,5;51690828,47;534953700,90000004
2021;Nordeste;PE;Pernambuco;"Institutos Federais, Cefet's e Colégio Pedro II";IF SERTÃO-PE;Instituto Federal do Sertão Pernambucano;17556,0947784196;199890912,96000004;182743137,38000003;13064336,09;2034236,47;2049203,02;19494932,999999996;178361743,49
2021;Nordeste;PE;Pernambuco;"Institutos Federais, Cefet's e Colégio Pedro II";IFPE;Instituto Federal de Pernambuco;16728,536378591765;619801938,34;468699122,2700001;115288452,41;17983262,6;17831101,06;51158745,85;550663485,1999999
2021;Nordeste;PI;Piauí;"Institutos Federais, Cefet's e Colégio Pedro II";IFPI;Instituto Federal do Piauí;15012,083212336374;500225831,0899999;447478855,3299999;48600613,68;2791415,7;1354946,38;50843171,53;446594270,09999996
2021;Nordeste;RN;Rio Grande do Norte;"Institutos Federais, Cefet's e Colégio Pedro II";IFRN;Instituto Federal do Rio Grande do Norte;14551,302850537768;674555569,1899999;575021353,02;74605380,78;22545048,22;2383787,17;62827639,32;589205096,27
2021;Nordeste;SE;Sergipe;"Institutos Federais, Cefet's e Colégio Pedro II";IFS;Instituto Federal de Sergipe;20113,700360974024;301690383,66999996;236723530,01999998;52095474,84;7515423,35;5355955,46;28903234,099999998;265272568,10999998
2021;Norte;AC;Acre;"Institutos Federais, Cefet's e Colégio Pedro II";IFAC;Instituto Federal do Acre;17832,027756935913;129105459,55000001;120732813,85000001;667840,04;7594385,6;110420,06;14336883,38;107174190,57000001
2021;Norte;AM;Amazonas;"Institutos Federais, Cefet's e Colégio Pedro II";IFAM;Instituto Federal do Amazonas;18130,398434369985;417190864,73;348269289,26000005;46994203,91;21849136,7;78234,86;60190218,199999996;335151509,83000004
2021;Norte;AP;Amapá;"Institutos Federais, Cefet's e Colégio Pedro II";IFAP;Instituto Federal do Amapá;15741,549566312135;110477165,18000002;98172831,08000001;695097,14;11609236,96;;13205604,12;85662324,1
2021;Norte;PA;Pará;"Institutos Federais, Cefet's e Colégio Pedro II";IFPA;Instituto Federal do Pará;18594,320325667024;526206541,68;451575980,53999996;61550802,37;11579967,969999999;1499790,8;49289251,01999999;465337322,69000006
2021;Norte;RO;Rondônia;"Institutos Federais, Cefet's e Colégio Pedro II";IFRO;Instituto Federal de Rondônia;9029,06339944201;246421883,45999995;224882374,32999995;6279586,59;15259922,540000001;;32777722,87;198386296,76999998
2021;Norte;RR;Roraima;"Institutos Federais, Cefet's e Colégio Pedro II";IFRR;Instituto Federal de Roraima;24001,359166606173;141195797,7;116624890,32;19798989,27;4771918,11;;13227705,07;123197333,24000001
2021;Norte;TO;Tocantins;"Institutos Federais, Cefet's e Colégio Pedro II";IFTO;Instituto Federal do Tocantins;13327,27793361833;262767824,35999998;253397181,11999997;4668731,64;4603603,3;98308,29999999999;36809730,690000005;221364527,8
2021;Sudeste;ES;Espírito Santo;"Institutos Federais, Cefet's e Colégio Pedro II";IFES;Instituto Federal do Espírito Santo;18080,669452015813;785105654,23;635785390,36;104321846,18;37056899,1;7941518,590000001;90371584,18;657699226,61
2021;Sudeste;MG;Minas Gerais;"Institutos Federais, Cefet's e Colégio Pedro II";CEFET-MG;Centro Federal de Educação Tecnológica de Minas Gerais;21775,960505503608;503966966,2899999;383737070,2699999;111703181,27;7450051,01;1076663,74;49289676,36;447245902,6999999
2021;Sudeste;MG;Minas Gerais;"Institutos Federais, Cefet's e Colégio Pedro II";IF SUDESTE MG;Instituto Federal do Sudeste de Minas Gerais;17594,19769677937;323505314,23999995;268585832,60999995;43375024,81;10183869,239999998;1360587,58;30322690,79;283013172,96000004
2021;Sudeste;MG;Minas Gerais;"Institutos Federais, Cefet's e Colégio Pedro II";IFMG;Instituto Federal de Minas Gerais;16927,795647992072;459890763,17;389422121,26;47189496,64;21131627,97;2147517,3000000003;41130147,32;397752637,6700001
2021;Sudeste;MG;Minas Gerais;"Institutos Federais, Cefet's e Colégio Pedro II";IFNMG;Instituto Federal do Norte de Minas Gerais;11737,313314561274;294963653,41999996;269897371,73999995;17472719,12;7330908,51;262654,05;39959659,05;247677543,97000003
2021;Sudeste;MG;Minas Gerais;"Institutos Federais, Cefet's e Colégio Pedro II";IFSULDEMINAS;Instituto Federal do Sul de Minas Gerais;8300,006197004192;310709139,04;264339013,40000004;38227432,96;7826452,749999999;316239,93;50315278,68;252604548,37
2021;Sudeste;MG;Minas Gerais;"Institutos Federais, Cefet's e Colégio Pedro II";IFTM;Instituto Federal do Triângulo Mineiro;19795,064563945463;272891057,56;235508088,86999997;26957146,5;9599643,15;826179,04;23566075,98;239737092,09999996
2021;Sudeste;RJ;Rio de Janeiro;"Institutos Federais, Cefet's e Colégio Pedro II";CEFET-RJ;Centro Federal de Educação Tecnológica Celso Suckow da Fonseca;14972,690471213416;422036430,15999985;304129511,1499998;116138507,1;913691,69;854720,22;28048263,27;393077326,9699999
2021;Sudeste;RJ;Rio de Janeiro;"Institutos Federais, Cefet's e Colégio Pedro II";CPII;Colégio Pedro II;23031,978586496698;730391127,92;419024157,72999996;289812547,52;6329931,46;15224491,21;43247898,71;680813297,75
2021;Sudeste;RJ;Rio de Janeiro;"Institutos Federais, Cefet's e Colégio Pedro II";IFF;Instituto Federal Fluminense;17740,920201319004;492112513,4;357534361,5;82322367,59;9484176,49;42771607,82;48755158,34;433877281,13
2021;Sudeste;RJ;Rio de Janeiro;"Institutos Federais, Cefet's e Colégio Pedro II";IFRJ;Instituto Federal do Rio de Janeiro;21428,871695391765;467575982,87;400319263,84;54642474;11125068,120000001;1489176,9100000001;35350177,14000001;421118369,39
2021;Sudeste;SP;São Paulo;"Institutos Federais, Cefet's e Colégio Pedro II";IFSP;Instituto Federal de São Paulo;15693,460170600483;1033248972,16;925866667,54;71220891,21;35345441,4;815972,01;82032304,66000001;915881584,1
2021;Sul;PR;Paraná;"Institutos Federais, Cefet's e Colégio Pedro II";IFPR;Instituto Federal do Paraná;14885,858462555245;472983117,99000007;441007828,77000004;7981403,41;21799122,080000002;2194763,73;44357876,23;406833713,77
2021;Sul;RS;Rio Grande do Sul;"Institutos Federais, Cefet's e Colégio Pedro II";IF FARROUPILHA;Instituto Federal Farroupilha;19386,112648212784;337072025,06999993;301744123,6599999;18976510,12;13093451,98;3257939,31;34276639,46;289711356,69
2021;Sul;RS;Rio Grande do Sul;"Institutos Federais, Cefet's e Colégio Pedro II";IFRS;Instituto Federal do Rio Grande do Sul;13623,20193982976;509094615,50000006;452289545,59000003;32823903,11;10206642,540000001;13774524,26;44553751,61000001;454348416,09000003
2021;Sul;RS;Rio Grande do Sul;"Institutos Federais, Cefet's e Colégio Pedro II";IFSUL;Instituto Federal Sul-rio-grandense;6959,2226884971815;490883612,72999996;401936300,15999997;74608528,86;8855414,7;5483369,010000001;45652241,88;436377329,27
2021;Sul;SC;Santa Catarina;"Institutos Federais, Cefet's e Colégio Pedro II";IFC;Instituto Federal Catarinense;19573,29068407649;419369508,77;375679108,2;26047125,25;13483802,05;4159473,27;51268893,86;354624211,18
2021;Sul;SC;Santa Catarina;"Institutos Federais, Cefet's e Colégio Pedro II";IFSC;Instituto Federal de Santa Catarina;13664,55737175061;666589503,6700001;548578813,27;81864673,21;16638626,86;19507390,33;55271372,35000001;594681261,4100001
2020;Centro-Oeste;DF;Distrito Federal;"Institutos Federais, Cefet's e Colégio Pedro II";IFB;Instituto Federal de Brasília;12137,173831188564;250054298,16;238403101,89;2576412,99;9074783,28;;32954350,85;208025164,02999997
2020;Centro-Oeste;GO;Goiás;"Institutos Federais, Cefet's e Colégio Pedro II";IF GOIANO;Instituto Federal Goiano;14215,899936259217;340468701,81999993;298521317,59;24442928,78;17504455,449999996;;43675397,96000001;279288848,40999997
2020;Centro-Oeste;GO;Goiás;"Institutos Federais, Cefet's e Colégio Pedro II";IFG;Instituto Federal de Goiás;23267,482221348466;496394932,26;416158638,71999997;62372824,13;13134274,940000001;4729194,470000001;42028563,35999999;441232093,96
2020;Centro-Oeste;MS;Mato Grosso do Sul;"Institutos Federais, Cefet's e Colégio Pedro II";IFMS;Instituto Federal do Mato Grosso do Sul;13645,216799018244;215553824,32999995;203868203,68999994;1251970,43;10433650,21;;24474795,99;180645378,13
2020;Centro-Oeste;MT;Mato Grosso;"Institutos Federais, Cefet's e Colégio Pedro II";IFMT;Instituto Federal do Mato Grosso;13827,931062149919;468333939,24000007;395183463,7700001;59107520,56;13321632,09;721322,82;56804757,51999999;398207549,63000005
2020;Nordeste;AL;Alagoas;"Institutos Federais, Cefet's e Colégio Pedro II";IFAL;Instituto Federal de Alagoas;15374,953445984038;468144382,03;373600606,27;66066299,72;14327324,51;14150151,53;50397422,26999999;403419635,25
2020;Nordeste;BA;Bahia;"Institutos Federais, Cefet's e Colégio Pedro II";IF BAIANO;Instituto Federal Baiano;18340,958935630286;334562872,28;316202717,29;12663467,44;5562032,779999999;134654,77;40566820,73;288434018,77
2020;Nordeste;BA;Bahia;"Institutos Federais, Cefet's e Colégio Pedro II";IFBA;Instituto Federal da Bahia;14780,231280224838;615855258,4899999;533723167,46999985;70021285,61;11074432,8;1036372,61;69637469,74000001;535143355,95000005
2020;Nordeste;CE;Ceará;"Institutos Federais, Cefet's e Colégio Pedro II";IFCE;Instituto Federal do Ceará;13994,694561735583;788381244,6699998;689836315,6099999;77221738,73;17988250,92;3334939,41;87789133,26;682603860,49
2020;Nordeste;MA;Maranhão;"Institutos Federais, Cefet's e Colégio Pedro II";IFMA;Instituto Federal do Maranhão;14589,608540002668;639073623,2299999;575708506,1699998;49267872,75;13549503,98;547740,33;73781672,11000001;551742447,14
2020;Nordeste;PB;Paraíba;"Institutos Federais, Cefet's e Colégio Pedro II";IFPB;Instituto Federal da Paraíba;12964,040548535411;590240341,9;485038881,79;85314329,31;18407247,37;1479883,43;54035017,19;517798077,34000003
2020;Nordeste;PE;Pernambuco;"Institutos Federais, Cefet's e Colégio Pedro II";IF SERTÃO-PE;Instituto Federal do Sertão Pernambucano;15617,863878295871;203159596,91000003;177910564,49;11970986,09;9479290,06;3798756,27;21657663,64;172022643,21
2020;Nordeste;PE;Pernambuco;"Institutos Federais, Cefet's e Colégio Pedro II";IFPE;Instituto Federal de Pernambuco;15596,853539689952;593694806,6999999;453517411,3199999;111853608;27519284,67;804502,71;56174792,32;510000729,7099999
2020;Nordeste;PI;Piauí;"Institutos Federais, Cefet's e Colégio Pedro II";IFPI;Instituto Federal do Piauí;13872,019424981623;464151181,98;413411564,66;46145996,43;4383805,52;209815,37;44480174,43;415287202,03000003
2020;Nordeste;RN;Rio Grande do Norte;"Institutos Federais, Cefet's e Colégio Pedro II";IFRN;Instituto Federal do Rio Grande do Norte;14000,978397082445;652169819,31;563225093,52;71432276,83;16605512,809999999;906936,1499999999;72232352,53;563331953,97
2020;Nordeste;SE;Sergipe;"Institutos Federais, Cefet's e Colégio Pedro II";IFS;Instituto Federal de Sergipe;20654,065311786915;292243930,39;232169250,06;49280555,1;7780317,859999999;3013807,37;30372030,060000002;254091582,47
2020;Norte;AC;Acre;"Institutos Federais, Cefet's e Colégio Pedro II";IFAC;Instituto Federal do Acre;16894,51796671214;125741781,96000002;118396106,13000003;547605,45;6798070,380000001;;15646804,78;103296906,80000001
2020;Norte;AM;Amazonas;"Institutos Federais, Cefet's e Colégio Pedro II";IFAM;Instituto Federal do Amazonas;15575,952146262249;387789837,44;320510806,46;44706985,43;22507989,549999997;64056;42030188,6;323251659,28999996
2020;Norte;AP;Amapá;"Institutos Federais, Cefet's e Colégio Pedro II";IFAP;Instituto Federal do Amapá;13700,263820026155;101791305,75;94038576,61;551468,38;7201260,76;;12220838,33;82369206,66000001
2020;Norte;PA;Pará;"Institutos Federais, Cefet's e Colégio Pedro II";IFPA;Instituto Federal do Pará;16184,21518527084;495481910,65999997;417620442,26;58990381,11;15859923,76;3011163,5300000003;58535766,36;421086220,54
2020;Norte;RO;Rondônia;"Institutos Federais, Cefet's e Colégio Pedro II";IFRO;Instituto Federal de Rondônia;9127,81886537409;236842801,46;215005465,31000003;5546168,89;16161322,54;129844,72;34216242,160000004;186465236,76
2020;Norte;RR;Roraima;"Institutos Federais, Cefet's e Colégio Pedro II";IFRR;Instituto Federal de Roraima;22123,088697741092;135250201,88;110327373,22;18009490,88;6913337,779999999;;12922357,08;115414507,02
2020;Norte;TO;Tocantins;"Institutos Federais, Cefet's e Colégio Pedro II";IFTO;Instituto Federal do Tocantins;10571,558765250344;252767502,29999998;238188266,25999996;4351397,25;9924181,08;303657,71;31752015,7;211091305,52
2020;Sudeste;ES;Espírito Santo;"Institutos Federais, Cefet's e Colégio Pedro II";IFES;Instituto Federal do Espírito Santo;19426,245822360164;766265014,4499999;617083804,5999999;104455659,6;42398439,580000006;2327110,67;94435671,85;629430903,02
2020;Sudeste;MG;Minas Gerais;"Institutos Federais, Cefet's e Colégio Pedro II";CEFET-MG;Centro Federal de Educação Tecnológica de Minas Gerais;22371,34331394448;486339420,55;371704679;108444948,9;4084161,73;2105630,92;46059007,77;436196251,05
2020;Sudeste;MG;Minas Gerais;"Institutos Federais, Cefet's e Colégio Pedro II";IF SUDESTE MG;Instituto Federal do Sudeste de Minas Gerais;18508,816458945046;314621244,27;262000880,44;43572319,21;8879123,700000001;168920,92;32809006,840000004;272933113,73
2020;Sudeste;MG;Minas Gerais;"Institutos Federais, Cefet's e Colégio Pedro II";IFMG;Instituto Federal de Minas Gerais;16892,360926319674;438623201,3399999;376533174,43999994;45974801,4;15851017,469999999;264208,03;41892415,88999999;380879767,97999996
2020;Sudeste;MG;Minas Gerais;"Institutos Federais, Cefet's e Colégio Pedro II";IFNMG;Instituto Federal do Norte de Minas Gerais;10557,454421132494;287266447,75;260512036,99;16164442,43;10310602,879999999;279365,45;38559453,92000001;238396390,95
2020;Sudeste;MG;Minas Gerais;"Institutos Federais, Cefet's e Colégio Pedro II";IFSULDEMINAS;Instituto Federal do Sul de Minas Gerais;10138,916372850626;295989806,77000004;245188007,87000003;37805147,12;12996651,78;;40178710,56999999;242814444,42000002
2020;Sudeste;MG;Minas Gerais;"Institutos Federais, Cefet's e Colégio Pedro II";IFTM;Instituto Federal do Triângulo Mineiro;16852,619305483142;255980405,99;221085468,04;26353553,68;8541384,27;;24376781,23;223062240,49
2020;Sudeste;RJ;Rio de Janeiro;"Institutos Federais, Cefet's e Colégio Pedro II";CEFET-RJ;Centro Federal de Educação Tecnológica Celso Suckow da Fonseca;12694,147306190642;422031139,99;301427224,62;116555485,4;3710894,12;337535,85;33365855,650000002;384954390,22
2020;Sudeste;RJ;Rio de Janeiro;"Institutos Federais, Cefet's e Colégio Pedro II";CPII;Colégio Pedro II;21981,51565939698;700715172,94;402104568,7300001;293893360,2;3643172,3600000003;1074071,65;43667394,85;653404605,73
2020;Sudeste;RJ;Rio de Janeiro;"Institutos Federais, Cefet's e Colégio Pedro II";IFF;Instituto Federal Fluminense;16265,646793137934;507507748,29;347035361,51000005;81060784,77;9905129,21;69506472,8;52545898,870000005;445056720,21
2020;Sudeste;RJ;Rio de Janeiro;"Institutos Federais, Cefet's e Colégio Pedro II";IFRJ;Instituto Federal do Rio de Janeiro;22410,510867149496;457384906,04;376118965,46000004;53843588,52;27141644,360000003;280707,7;38189542,32999999;392053719,35
2020;Sudeste;SP;São Paulo;"Institutos Federais, Cefet's e Colégio Pedro II";IFSP;Instituto Federal de São Paulo;16104,717431011319;990546745,9699999;875477361,5999999;67775228,69;46229630,76;1064524,92;85242365,13000001;859074750,0799999
2020;Sul;PR;Paraná;"Institutos Federais, Cefet's e Colégio Pedro II";IFPR;Instituto Federal do Paraná;14301,53744103084;456053358,81000006;423518114,21000004;7173077,94;25093064,490000002;269102,17;46669090,46999999;384291203,85
2020;Sul;RS;Rio Grande do Sul;"Institutos Federais, Cefet's e Colégio Pedro II";IF FARROUPILHA;Instituto Federal Farroupilha;18357,166811518808;314256671,3699999;288839647,9799999;17466640,31;5932768,69;2017614,39;36274008,830000006;272049893,85
2020;Sul;RS;Rio Grande do Sul;"Institutos Federais, Cefet's e Colégio Pedro II";IFRS;Instituto Federal do Rio Grande do Sul;10041,310675761268;480665928,09999996;429001806,8499999;31022326,17;10708692,469999999;9933102,610000001;46055458;423901777,63
2020;Sul;RS;Rio Grande do Sul;"Institutos Federais, Cefet's e Colégio Pedro II";IFSUL;Instituto Federal Sul-rio-grandense;14023,904706058162;467296993,8000001;383368467,8100001;71930404,22;8558199,07;3439922,7;44036020,44;414702774,28999996
2020;Sul;SC;Santa Catarina;"Institutos Federais, Cefet's e Colégio Pedro II";IFC;Instituto Federal Catarinense;17907,685966610785;391284175,28999996;356526358,36999995;23623370,41;8093127,58;3041318,93;45087529,99;338103517,71999997
2020;Sul;SC;Santa Catarina;"Institutos Federais, Cefet's e Colégio Pedro II";IFSC;Instituto Federal de Santa Catarina;13860,614351671691;627936556,89;527328666,98;77958690,6;14580457,14;8068742,17;52261600,30000001;561094499,45
2019;Centro-Oeste;DF;Distrito Federal;"Institutos Federais, Cefet's e Colégio Pedro II";IFB;Instituto Federal de Brasília;13720,460240827857;248495903,07;237327105,58;1878005,32;9290792,17;;33079587,08;206125523,82
2019;Centro-Oeste;GO;Goiás;"Institutos Federais, Cefet's e Colégio Pedro II";IF GOIANO;Instituto Federal Goiano;14665,926236098392;338544173,28000003;299678751,95000005;23482404,03;15080026,38;302990,92;54816750,64999999;268647396,25
2019;Centro-Oeste;GO;Goiás;"Institutos Federais, Cefet's e Colégio Pedro II";IFG;Instituto Federal de Goiás;22947,444508971454;490519285,27000004;412179732,21000004;58771808,23;12928870,19;6638874,64;44686652,199999996;432903762,88
2019;Centro-Oeste;MS;Mato Grosso do Sul;"Institutos Federais, Cefet's e Colégio Pedro II";IFMS;Instituto Federal do Mato Grosso do Sul;15134,57104382852;213039622,07;198594857,49;829861,42;13577259,32;37643,84;29577009,599999998;169885353,14999998
2019;Centro-Oeste;MT;Mato Grosso;"Institutos Federais, Cefet's e Colégio Pedro II";IFMT;Instituto Federal do Mato Grosso;12766,896158767624;465801853,2800001;397848720,7200001;54807047,28;12920216,32;225868,96;70161056,11;382720580,85
2019;Nordeste;AL;Alagoas;"Institutos Federais, Cefet's e Colégio Pedro II";IFAL;Instituto Federal de Alagoas;15674,818960204439;438847320,92;364506295,96;61396293,03;10762089,3;2182642,63;56942714,59;371142517,03
2019;Nordeste;BA;Bahia;"Institutos Federais, Cefet's e Colégio Pedro II";IF BAIANO;Instituto Federal Baiano;16046,455887354407;329898838,86999995;312165285,68999994;11355815,07;6377738,11;;50523879,09000001;272997221,67
2019;Nordeste;BA;Bahia;"Institutos Federais, Cefet's e Colégio Pedro II";IFBA;Instituto Federal da Bahia;15036,923262462364;635094714,41;545366576,1599998;66882052,09;22680954,689999998;165131,47;79259752,52000001;533154007,2
2019;Nordeste;CE;Ceará;"Institutos Federais, Cefet's e Colégio Pedro II";IFCE;Instituto Federal do Ceará;12506,629536686753;762243217,0299999;656278975,2899998;71673784,97;26123469,759999998;8166987,01;99149048,83000001;636970698,44
2019;Nordeste;MA;Maranhão;"Institutos Federais, Cefet's e Colégio Pedro II";IFMA;Instituto Federal do Maranhão;15062,821112895586;671130999,4600003;600136496,2000003;49512726,01;21396033,49;85743,76;92873485,68;556861480,29
2019;Nordeste;PB;Paraíba;"Institutos Federais, Cefet's e Colégio Pedro II";IFPB;Instituto Federal da Paraíba;13720,146173253568;573891561,98;475025435,03000003;79954219,29;16374383,24;2537524,42;67553459,29999998;489963719,44
2019;Nordeste;PE;Pernambuco;"Institutos Federais, Cefet's e Colégio Pedro II";IF SERTÃO-PE;Instituto Federal do Sertão Pernambucano;17497,44395294858;195509213,95000002;174071068,37;10292557,33;8467257,29;2678330,9600000004;25561159,49;161480797,17000002
2019;Nordeste;PE;Pernambuco;"Institutos Federais, Cefet's e Colégio Pedro II";IFPE;Instituto Federal de Pernambuco;14996,095349643027;622915853,87;455291652,16;106633599,18;59648246,870000005;1342355,66;66552032,199999996;496715574,8
2019;Nordeste;PI;Piauí;"Institutos Federais, Cefet's e Colégio Pedro II";IFPI;Instituto Federal do Piauí;14171,533202299272;453744398,72;405973771,66;42430761,93;5077165,199999999;262699,93;60181719,88000001;388485513,64
2019;Nordeste;RN;Rio Grande do Norte;"Institutos Federais, Cefet's e Colégio Pedro II";IFRN;Instituto Federal do Rio Grande do Norte;13885,2515755051;645683923,28;560563990,7;67004094,67;16976580,259999998;1139257,65;83188107,67999999;545519235,34
2019;Nordeste;SE;Sergipe;"Institutos Federais, Cefet's e Colégio Pedro II";IFS;Instituto Federal de Sergipe;20898,22587524254;280876758,27;225101060,36999997;45652910,93;9376686,48;746100,49;32198822,900000002;239301248,89
2019;Norte;AC;Acre;"Institutos Federais, Cefet's e Colégio Pedro II";IFAC;Instituto Federal do Acre;17189,40595682077;120719607,49999999;116840689,63999999;419999,9;3458917,96;;15859341,26;101401348,27999999
2019;Norte;AM;Amazonas;"Institutos Federais, Cefet's e Colégio Pedro II";IFAM;Instituto Federal do Amazonas;15657,520432741303;394823519,45;337036934,67;40962834,83;16823749,95;;58245565,25;319754204,25
2019;Norte;AP;Amapá;"Institutos Federais, Cefet's e Colégio Pedro II";IFAP;Instituto Federal do Amapá;13308,532966829831;110614864,41999999;102593950,16;379450,44;7641463,82;;19353769,79;83619630,81
2019;Norte;PA;Pará;"Institutos Federais, Cefet's e Colégio Pedro II";IFPA;Instituto Federal do Pará;16833,580364799407;496109829,38000005;417633132,90000004;58041712,56;20434983,919999998;;61798176,65;413876668,81000006
2019;Norte;RO;Rondônia;"Institutos Federais, Cefet's e Colégio Pedro II";IFRO;Instituto Federal de Rondônia;11090,417277706958;236502201,1;219347243,33;4312039,85;12842917,92;;40171169,260000005;183488113,92
2019;Norte;RR;Roraima;"Institutos Federais, Cefet's e Colégio Pedro II";IFRR;Instituto Federal de Roraima;20797,059993198163;146331099,60000002;120315099,48000003;16182902,88;9761139,36;71957,88;19568898,979999997;117001061,26
2019;Norte;TO;Tocantins;"Institutos Federais, Cefet's e Colégio Pedro II";IFTO;Instituto Federal do Tocantins;13469,822143704901;256820364,39;246615875,57;3246464,85;6939793,18;18230,79;44205133,91;205675437,3
2019;Sudeste;ES;Espírito Santo;"Institutos Federais, Cefet's e Colégio Pedro II";IFES;Instituto Federal do Espírito Santo;17931,185860058995;715969082,6499997;588284843,9599998;99070078,55;26257641,29;2356518,8499999996;86043001,57999998;603668439,78
2019;Sudeste;MG;Minas Gerais;"Institutos Federais, Cefet's e Colégio Pedro II";CEFET-MG;Centro Federal de Educação Tecnológica de Minas Gerais;19521,250729856572;485307792,38;375038803,99999994;102099931,68;7899569,220000001;269487,48;57579891,49999999;419828331,65999997
2019;Sudeste;MG;Minas Gerais;"Institutos Federais, Cefet's e Colégio Pedro II";IF SUDESTE MG;Instituto Federal do Sudeste de Minas Gerais;18274,112059405663;317116504,96999997;260365893,8;42697533,16;13249391,31;803686,7;42128947,27000001;261738166,39
2019;Sudeste;MG;Minas Gerais;"Institutos Federais, Cefet's e Colégio Pedro II";IFMG;Instituto Federal de Minas Gerais;16525,057489171202;430089986,76000005;367649024,58000004;42558582,79;19481484,71;400894,68;47465667,56;363142834,49
2019;Sudeste;MG;Minas Gerais;"Institutos Federais, Cefet's e Colégio Pedro II";IFNMG;Instituto Federal do Norte de Minas Gerais;11284,363198404852;287861260,02;263584246,16999996;15288978,69;7708242,249999999;1279792,91;46817333,59;233335684,18
2019;Sudeste;MG;Minas Gerais;"Institutos Federais, Cefet's e Colégio Pedro II";IFSULDEMINAS;Instituto Federal do Sul de Minas Gerais;10893,329065860027;289281398,4600001;241352244,7500001;36631049,37;10983720,650000002;314383,69;44740552,57;233557125,24
2019;Sudeste;MG;Minas Gerais;"Institutos Federais, Cefet's e Colégio Pedro II";IFTM;Instituto Federal do Triângulo Mineiro;17917,265631929047;252086525,82000002;221006783,98000002;24415070,52;6070459,109999999;594212,21;28125121,39;217890945,32
2019;Sudeste;RJ;Rio de Janeiro;"Institutos Federais, Cefet's e Colégio Pedro II";CEFET-RJ;Centro Federal de Educação Tecnológica Celso Suckow da Fonseca;13423,605484158514;435140222,27000004;310222207,46000004;115116487,74;9740133,940000001;61393,13;37386358,059999995;388013730,27
2019;Sudeste;RJ;Rio de Janeiro;"Institutos Federais, Cefet's e Colégio Pedro II";CPII;Colégio Pedro II;23281,94872390736;725363792,88;422284231,74;296124829,57;4142578,4499999997;2812153,12;56106334,970000006;665114879,46
2019;Sudeste;RJ;Rio de Janeiro;"Institutos Federais, Cefet's e Colégio Pedro II";IFF;Instituto Federal Fluminense;14936,14793956722;429051876,12999994;344887306,11999995;76673440,02;7203423,07;287706,92;62658211,31;359190241,75
2019;Sudeste;RJ;Rio de Janeiro;"Institutos Federais, Cefet's e Colégio Pedro II";IFRJ;Instituto Federal do Rio de Janeiro;21345,540691331982;447702902,26;388305375,66;52514715,64;6821315,51;61495,45;40748537,66;400133049,09
2019;Sudeste;SP;São Paulo;"Institutos Federais, Cefet's e Colégio Pedro II";IFSP;Instituto Federal de São Paulo;15762,421279030017;977549999,6699998;875667600,8499999;64648737,97;36863871,69;369789,16;94254015,04;846432112,94
2019;Sul;PR;Paraná;"Institutos Federais, Cefet's e Colégio Pedro II";IFPR;Instituto Federal do Paraná;12572,827516610214;450121695,98;407216061,28000003;6041934,63;36125036,269999996;738663,8;54061775,9;359934883,80999994
2019;Sul;RS;Rio Grande do Sul;"Institutos Federais, Cefet's e Colégio Pedro II";IF FARROUPILHA;Instituto Federal Farroupilha;19180,861289517452;317182250,00999993;291066932,7;16770613,52;8001067,649999999;1343636,14;45369305,61;263811876,75
2019;Sul;RS;Rio Grande do Sul;"Institutos Federais, Cefet's e Colégio Pedro II";IFRS;Instituto Federal do Rio Grande do Sul;15303,960714499404;466052617,68;424267054,31;27049963,36;9780274,09;4955325,92;54461932,59;401810411
2019;Sul;RS;Rio Grande do Sul;"Institutos Federais, Cefet's e Colégio Pedro II";IFSUL;Instituto Federal Sul-rio-grandense;16448,661367333563;467951386,03999996;386199024,91999996;66296584,99;11201940,86;4253835,2700000005;51202293,669999994;405547151,51
2019;Sul;SC;Santa Catarina;"Institutos Federais, Cefet's e Colégio Pedro II";IFC;Instituto Federal Catarinense;18458,13427220255;395159378,54999995;362411761,2699999;20949616,55;8487563,16;3310437,5700000003;56405593,400000006;330266221,99
2019;Sul;SC;Santa Catarina;"Institutos Federais, Cefet's e Colégio Pedro II";IFSC;Instituto Federal de Santa Catarina;13270,641228420884;614667225,8200002;527477416,59000015;73394845,18;7452519,46;6342444,59;69794831,02999999;537419875,33
2018;Centro-Oeste;DF;Distrito Federal;"Institutos Federais, Cefet's e Colégio Pedro II";IFB;Instituto Federal de Brasília;11760,237360395575;219785758,93999997;209491017,61999995;1378135,3;8916606,02;;38554911,75;170828399,66
2018;Centro-Oeste;GO;Goiás;"Institutos Federais, Cefet's e Colégio Pedro II";IF GOIANO;Instituto Federal Goiano;12054,962618847718;342500619,52;287111221,38;20732530,57;34656867,57;;69526225,68;235078953,27999997
2018;Centro-Oeste;GO;Goiás;"Institutos Federais, Cefet's e Colégio Pedro II";IFG;Instituto Federal de Goiás;20587,08870687552;451951672,65000004;394041612,88000005;51572960,69;6143687,93;193411,15;61155943,93;379559558,58
2018;Centro-Oeste;MS;Mato Grosso do Sul;"Institutos Federais, Cefet's e Colégio Pedro II";IFMS;Instituto Federal do Mato Grosso do Sul;16007,642645254518;184925765,58999997;179607531,32999998;374002,04;4944232,220000001;;33988827,61;144391125,28
2018;Centro-Oeste;MT;Mato Grosso;"Institutos Federais, Cefet's e Colégio Pedro II";IFMT;Instituto Federal do Mato Grosso;11985,881216156715;444373802,7300001;378158058,24000007;48688949,36;17526795,130000003;;82305120,92;340756243,8
2018;Nordeste;AL;Alagoas;"Institutos Federais, Cefet's e Colégio Pedro II";IFAL;Instituto Federal de Alagoas;15626,097335867516;409340635,54999995;343099025,62;56821990,03;8257284,39;1162335,51;70707241,34;326330712,23
2018;Nordeste;BA;Bahia;"Institutos Federais, Cefet's e Colégio Pedro II";IF BAIANO;Instituto Federal Baiano;17970,468521418345;321443024,4699999;303628541,9499999;10345742,38;7468740,14;;73751012,06000002;237647741,79999998
2018;Nordeste;BA;Bahia;"Institutos Federais, Cefet's e Colégio Pedro II";IFBA;Instituto Federal da Bahia;13211,17124555901;571248889,88;506491831,86;55721669,38;9035388,64;;104807792,54;452698523,42999995
2018;Nordeste;CE;Ceará;"Institutos Federais, Cefet's e Colégio Pedro II";IFCE;Instituto Federal do Ceará;12580,64682171355;696349668,8699999;608558926,6899998;63539455,49;23675781,11;575505,58;116966918,19000001;549498141,17
2018;Nordeste;MA;Maranhão;"Institutos Federais, Cefet's e Colégio Pedro II";IFMA;Instituto Federal do Maranhão;14754,347308811353;601461420,42;537252778,1099999;44569224,06;19639418,25;;115242519,35999998;461321317,73
2018;Nordeste;PB;Paraíba;"Institutos Federais, Cefet's e Colégio Pedro II";IFPB;Instituto Federal da Paraíba;14087,166055600634;539504648,72;447639916,5;65212902,22;24783316,75;1868513,25;78548474,74000001;430656369,40999997
2018;Nordeste;PE;Pernambuco;"Institutos Federais, Cefet's e Colégio Pedro II";IF SERTÃO-PE;Instituto Federal do Sertão Pernambucano;17860,169339179083;207437662,88;173031908,04999998;8550297,34;22500983,96;3354473,53;39183667,5;143499213,63
2018;Nordeste;PE;Pernambuco;"Institutos Federais, Cefet's e Colégio Pedro II";IFPE;Instituto Federal de Pernambuco;14627,447159141106;572843950,52;428619069,94;95699931,65;46823644,550000004;1701304,38;80598861,47999999;439798517,48
2018;Nordeste;PI;Piauí;"Institutos Federais, Cefet's e Colégio Pedro II";IFPI;Instituto Federal do Piauí;13371,43251644552;424630400,80999994;378620786,41999996;39904497,3;6105117,09;;71813628,31000002;341298301,40999997
2018;Nordeste;RN;Rio Grande do Norte;"Institutos Federais, Cefet's e Colégio Pedro II";IFRN;Instituto Federal do Rio Grande do Norte;13308,337201331437;608567739,1300001;528790620,7100001;58897494,04;20413033,81;466590,57;103384432,16999999;477834797,57000005
2018;Nordeste;SE;Sergipe;"Institutos Federais, Cefet's e Colégio Pedro II";IFS;Instituto Federal de Sergipe;19736,983292354944;271650305,76;217261455,48000002;40589754,79;13209588,59;589506,9;40268486,35999999;215394606,19
2018;Norte;AC;Acre;"Institutos Federais, Cefet's e Colégio Pedro II";IFAC;Instituto Federal do Acre;16328,687597575588;112069433,8;105269824,29;326851,13;6472758,38;;20351175,03;84800765,2
2018;Norte;AM;Amazonas;"Institutos Federais, Cefet's e Colégio Pedro II";IFAM;Instituto Federal do Amazonas;14595,933399508884;378736832,83000004;322758415,67;35813653,44;20103704,55;61059,17;72163989,76000002;283609585,2
2018;Norte;AP;Amapá;"Institutos Federais, Cefet's e Colégio Pedro II";IFAP;Instituto Federal do Amapá;13129,667094749606;102646174,34999998;93896246,36999997;242910,28;8507017,7;;24619786,380000003;68940230,21
2018;Norte;PA;Pará;"Institutos Federais, Cefet's e Colégio Pedro II";IFPA;Instituto Federal do Pará;15329,956293233157;487171118,64;384478561,4499999;51782089,29;23175220,169999998;27735247,73;76612612,10000002;383484204,58000004
2018;Norte;RO;Rondônia;"Institutos Federais, Cefet's e Colégio Pedro II";IFRO;Instituto Federal de Rondônia;11395,51079372369;222829648,12;205582906,11;3033413,28;14213328,729999999;;50679148,99;155595430,51999998
2018;Norte;RR;Roraima;"Institutos Federais, Cefet's e Colégio Pedro II";IFRR;Instituto Federal de Roraima;19729,43101583598;133440055,91;114790515,39;13099668,29;5549872,23;;24325604,440000005;102250804,06
2018;Norte;TO;Tocantins;"Institutos Federais, Cefet's e Colégio Pedro II";IFTO;Instituto Federal do Tocantins;14261,08803844702;244417797,97;231666989,90000004;2439339,92;10286121,76;25346,39;54969657,309999995;176689104,74
2018;Sudeste;ES;Espírito Santo;"Institutos Federais, Cefet's e Colégio Pedro II";IFES;Instituto Federal do Espírito Santo;15857,715517005556;662212440,62;557963132,02;85538666,94;16462937,479999999;2247704,18;103572964,21;535425699,42
2018;Sudeste;MG;Minas Gerais;"Institutos Federais, Cefet's e Colégio Pedro II";CEFET-MG;Centro Federal de Educação Tecnológica de Minas Gerais;18050,1512185786;464387507,09;358387557,46;91048820,55;14891834,76;59294,32;66758078,24000001;378379289,59
2018;Sudeste;MG;Minas Gerais;"Institutos Federais, Cefet's e Colégio Pedro II";IF SUDESTE MG;Instituto Federal do Sudeste de Minas Gerais;13251,647066150581;292307605,40000004;244425884,73000002;40086850,46;7794870,21;;49567914,66;231502932,09
2018;Sudeste;MG;Minas Gerais;"Institutos Federais, Cefet's e Colégio Pedro II";IFMG;Instituto Federal de Minas Gerais;18567,81402709575;410633688,36;356817352,58000004;38060726,78;15755609;;65081010,239999995;324969501,18
2018;Sudeste;MG;Minas Gerais;"Institutos Federais, Cefet's e Colégio Pedro II";IFNMG;Instituto Federal do Norte de Minas Gerais;9899,700516189416;268768372,73999995;245783515,22999996;13788540,46;7096391,42;2099925,63;54869199,33999999;203409841,69
2018;Sudeste;MG;Minas Gerais;"Institutos Federais, Cefet's e Colégio Pedro II";IFSULDEMINAS;Instituto Federal do Sul de Minas Gerais;12130,761798437255;282480285,32;236129114,75999996;32073037,57;14154567,77;123565,22;56710770,5;208613288,54999998
2018;Sudeste;MG;Minas Gerais;"Institutos Federais, Cefet's e Colégio Pedro II";IFTM;Instituto Federal do Triângulo Mineiro;16624,958476878342;239571299,30000004;208543063,51000002;22809943,02;8218292,77;;35614012,879999995;192831315,12000003
2018;Sudeste;RJ;Rio de Janeiro;"Institutos Federais, Cefet's e Colégio Pedro II";CEFET-RJ;Centro Federal de Educação Tecnológica Celso Suckow da Fonseca;13029,74551327688;416674821,98999995;294661179,90999997;106726533,9;14514477,52;772630,66;48709376,82999999;350256107,5
2018;Sudeste;RJ;Rio de Janeiro;"Institutos Federais, Cefet's e Colégio Pedro II";CPII;Colégio Pedro II;21919,030907016546;683807029,4499999;400039120,46999997;270747782,1;8196014,199999999;4824112,68;75758950,18;596132612,0300001
2018;Sudeste;RJ;Rio de Janeiro;"Institutos Federais, Cefet's e Colégio Pedro II";IFF;Instituto Federal Fluminense;15273,108882604329;412999843,58000004;331500804,61;67541670,54;13874976,759999998;82391,67;71972000,42000002;323439328,65
2018;Sudeste;RJ;Rio de Janeiro;"Institutos Federais, Cefet's e Colégio Pedro II";IFRJ;Instituto Federal do Rio de Janeiro;19716,66682389626;422328990,86;358645380,86;48265106,06;15418503,94;;57748062,52000001;346396988,45
2018;Sudeste;SP;São Paulo;"Institutos Federais, Cefet's e Colégio Pedro II";IFSP;Instituto Federal de São Paulo;15465,772275821468;903648519,7699999;805387470,3699999;57638869,85;40622179,55;;130160135,7;725753086,85
2018;Sul;PR;Paraná;"Institutos Federais, Cefet's e Colégio Pedro II";IFPR;Instituto Federal do Paraná;11308,773937342892;392889195,64000005;367468176,75000006;4092170,25;21110216,59;218632,05;66548903,989999995;300988131,64
2018;Sul;RS;Rio Grande do Sul;"Institutos Federais, Cefet's e Colégio Pedro II";IF FARROUPILHA;Instituto Federal Farroupilha;19949,01852683596;300966479,58;276044444,11999995;13821528,43;10377798,3;722708,73;60879463,69;227695927,7
2018;Sul;RS;Rio Grande do Sul;"Institutos Federais, Cefet's e Colégio Pedro II";IFRS;Instituto Federal do Rio Grande do Sul;16363,70373224439;434817258,45000005;400493180,63000005;24237158,45;9172500,75;914418,62;74709877,08999999;346555985,94000006
2018;Sul;RS;Rio Grande do Sul;"Institutos Federais, Cefet's e Colégio Pedro II";IFSUL;Instituto Federal Sul-rio-grandense;13473,714390134717;438071102,13000005;368850948,29;59260269,76;9289673,1;670210,98;68055117,36000001;356547500,62000006
2018;Sul;SC;Santa Catarina;"Institutos Federais, Cefet's e Colégio Pedro II";IFC;Instituto Federal Catarinense;18593,12750806321;368814582,37;341485121,67999995;17809832,3;8955506,92;564121,47;69257683,11000001;287165989,74
2018;Sul;SC;Santa Catarina;"Institutos Federais, Cefet's e Colégio Pedro II";IFSC;Instituto Federal de Santa Catarina;12195,754478039566;587247076,3399999;500261860,4699999;63720794,79;16308278,159999998;6956142,92;88797470,97999999;476540107,29
2017;Centro-Oeste;DF;Distrito Federal;"Institutos Federais, Cefet's e Colégio Pedro II";IFB;Instituto Federal de Brasília;10154,965541998861;176472139,54000002;169693320,4;941873,9;5836945,24;;27455179,9;134342513,28
2017;Centro-Oeste;GO;Goiás;"Institutos Federais, Cefet's e Colégio Pedro II";IF GOIANO;Instituto Federal Goiano;9805,449018472682;302451576,51;265573918,95999998;19759818,91;17117838,64;;55331583,2;217968085,07999998
2017;Centro-Oeste;GO;Goiás;"Institutos Federais, Cefet's e Colégio Pedro II";IFG;Instituto Federal de Goiás;18995,12436491417;438628356,33;384879684,76;46595967,99;7152703,58;;44543494,98;367686646,48
2017;Centro-Oeste;MS;Mato Grosso do Sul;"Institutos Federais, Cefet's e Colégio Pedro II";IFMS;Instituto Federal do Mato Grosso do Sul;13874,882161896205;175679318,51;168775957,07;320878,62;6582482,82;;25559065,25;134528137,85
2017;Centro-Oeste;MT;Mato Grosso;"Institutos Federais, Cefet's e Colégio Pedro II";IFMT;Instituto Federal do Mato Grosso;10625,6662083645;426886378,17;363818573,99;44024514,6;19043289,58;1414617,3;63451786,19;326226522,58000004
2017;Nordeste;AL;Alagoas;"Institutos Federais, Cefet's e Colégio Pedro II";IFAL;Instituto Federal de Alagoas;13346,366746829755;377304846,7000001;313008485,5500001;52138396,42;12157964,73;1597274,43;52633161,56999999;297740050,16
2017;Nordeste;BA;Bahia;"Institutos Federais, Cefet's e Colégio Pedro II";IF BAIANO;Instituto Federal Baiano;16823,39720313054;287324311,21;268756840,59;8959503,56;9607967,06;;55468089,1;207216038,3
2017;Nordeste;BA;Bahia;"Institutos Federais, Cefet's e Colégio Pedro II";IFBA;Instituto Federal da Bahia;12886,091197658634;539023358,99;475670759,64;50597905,67;12754693,68;;87204091;414826435,15999997
2017;Nordeste;CE;Ceará;"Institutos Federais, Cefet's e Colégio Pedro II";IFCE;Instituto Federal do Ceará;11767,55137715668;605225488,9100001;541018808,2800001;55421451,66;8785228,969999999;228109,4;88794816,30000001;482159694,03000003
2017;Nordeste;MA;Maranhão;"Institutos Federais, Cefet's e Colégio Pedro II";IFMA;Instituto Federal do Maranhão;14996,394481401727;559519830,1;502903564,06;41413281,48;15202984,559999999;289079,56;93444963,89999999;424272784,06000006
2017;Nordeste;PB;Paraíba;"Institutos Federais, Cefet's e Colégio Pedro II";IFPB;Instituto Federal da Paraíba;14479,139153021542;504561074,90000004;425640249,26000005;58695748,72;20225076,92;2545668,96;59989618,98;403820997,13000005
2017;Nordeste;PE;Pernambuco;"Institutos Federais, Cefet's e Colégio Pedro II";IF SERTÃO-PE;Instituto Federal do Sertão Pernambucano;15965,408875667912;169380056,28;158535372,6;6961797,11;3882886,5700000003;2536305,15;26039156,79;130074792,19
2017;Nordeste;PE;Pernambuco;"Institutos Federais, Cefet's e Colégio Pedro II";IFPE;Instituto Federal de Pernambuco;12652,817055360661;500624780,92999995;398133557,2799999;87376264,8;15114958,85;659014,15;61280750,76;403553021,04
2017;Nordeste;PI;Piauí;"Institutos Federais, Cefet's e Colégio Pedro II";IFPI;Instituto Federal do Piauí;12033,690233095342;387154092,26000005;346325272,78000003;36411603,82;4417215,66;;60030552,239999995;303458549,12
2017;Nordeste;RN;Rio Grande do Norte;"Institutos Federais, Cefet's e Colégio Pedro II";IFRN;Instituto Federal do Rio Grande do Norte;9426,025214917434;564517887,79;494572620,61999995;52966654,88;16978612,29;3548486,83;78912264,66;439877892,11
2017;Nordeste;SE;Sergipe;"Institutos Federais, Cefet's e Colégio Pedro II";IFS;Instituto Federal de Sergipe;15291,62598763829;255007858,54;203606585,54999998;37806523,65;13594749,34;170962,54;29235283,470000003;201265353,23
2017;Norte;AC;Acre;"Institutos Federais, Cefet's e Colégio Pedro II";IFAC;Instituto Federal do Acre;13806,996819211863;102979520,39999999;98719440,46;215914,98;4044164,96;;19073979,35;75079020,92999999
2017;Norte;AM;Amazonas;"Institutos Federais, Cefet's e Colégio Pedro II";IFAM;Instituto Federal do Amazonas;10422,167442845366;357962619,6399999;309583032,0399999;33692922,8;14686664,8;4216,21;54992832,26;272405800,53
2017;Norte;AP;Amapá;"Institutos Federais, Cefet's e Colégio Pedro II";IFAP;Instituto Federal do Amapá;11846,82340676346;84262202,75999999;80171215,35999998;135716,31;3955271,09;;13744702,129999999;62125688,300000004
2017;Norte;PA;Pará;"Institutos Federais, Cefet's e Colégio Pedro II";IFPA;Instituto Federal do Pará;9933,665131518152;401096683,99;341556683,3;46865884,93;12674115,760000002;470262;59062735,52;311102124,71000004
2017;Norte;RO;Rondônia;"Institutos Federais, Cefet's e Colégio Pedro II";IFRO;Instituto Federal de Rondônia;9810,014603859645;195699699,32000002;186300712,04000002;2655775,78;6743211,5;;39516516,93000001;139697733,47
2017;Norte;RR;Roraima;"Institutos Federais, Cefet's e Colégio Pedro II";IFRR;Instituto Federal de Roraima;23963,906065259744;136209202,23;116096497,87999998;11843863,31;8268841,04;;18569135,61;102776577,22999999
2017;Norte;TO;Tocantins;"Institutos Federais, Cefet's e Colégio Pedro II";IFTO;Instituto Federal do Tocantins;13712,957645472698;232496563,48;221275472,82999998;2177686,1;9043404,55;;46151046,599999994;165525253,85
2017;Sudeste;ES;Espírito Santo;"Institutos Federais, Cefet's e Colégio Pedro II";IFES;Instituto Federal do Espírito Santo;15304,617827793192;617494632,5400001;535234739,9200001;76139470;6120422,62;68681,74;84011687,69;501952199,97
2017;Sudeste;MG;Minas Gerais;"Institutos Federais, Cefet's e Colégio Pedro II";CEFET-MG;Centro Federal de Educação Tecnológica de Minas Gerais;17977,249340753915;458145332,18;365597522,18;83823588,38;8724221,620000001;3120,43;51003322,57;382339716,4
2017;Sudeste;MG;Minas Gerais;"Institutos Federais, Cefet's e Colégio Pedro II";IF SUDESTE MG;Instituto Federal do Sudeste de Minas Gerais;12775,264401313321;287077549,41999996;244304095,88999996;35989639,8;6783813,73;;39027713,33;228906219,52
2017;Sudeste;MG;Minas Gerais;"Institutos Federais, Cefet's e Colégio Pedro II";IFMG;Instituto Federal de Minas Gerais;17463,976710775067;387696199,94;323907934,34;34562003,75;29226261,849999998;57828,64;49458558,02;289607281,54
2017;Sudeste;MG;Minas Gerais;"Institutos Federais, Cefet's e Colégio Pedro II";IFNMG;Instituto Federal do Norte de Minas Gerais;7349,99712564231;251229808,03;227331873,91;13212057,6;10685876,52;;39504487,52;189136840,04
2017;Sudeste;MG;Minas Gerais;"Institutos Federais, Cefet's e Colégio Pedro II";IFSULDEMINAS;Instituto Federal do Sul de Minas Gerais;6562,303693761642;271549469,67;224442959,40000004;30760246,95;16346263,32;100611,09;48269719,720000006;196329412,82
2017;Sudeste;MG;Minas Gerais;"Institutos Federais, Cefet's e Colégio Pedro II";IFTM;Instituto Federal do Triângulo Mineiro;17650,824100414655;231215658,57;204473588,93;21239299,97;5502769,67;;27255366,61;187868825,4
2017;Sudeste;RJ;Rio de Janeiro;"Institutos Federais, Cefet's e Colégio Pedro II";CEFET-RJ;Centro Federal de Educação Tecnológica Celso Suckow da Fonseca;12864,456507164412;399188535,12;291660127,75;100160520,14;7367887,2299999995;361116,28;36139080,66;339617845,86
2017;Sudeste;RJ;Rio de Janeiro;"Institutos Federais, Cefet's e Colégio Pedro II";CPII;Colégio Pedro II;20198,994120713807;663547492,2099999;400271220,8499999;253030891,34;10245380,02;579323,07;62394414,95999999;567265702,05
2017;Sudeste;RJ;Rio de Janeiro;"Institutos Federais, Cefet's e Colégio Pedro II";IFF;Instituto Federal Fluminense;13193,26077763219;387393638,58;318934215,87;57773455,31;10685967,399999999;77190,93;59629168,71;300594339,57
2017;Sudeste;RJ;Rio de Janeiro;"Institutos Federais, Cefet's e Colégio Pedro II";IFRJ;Instituto Federal do Rio de Janeiro;19671,026986748147;401010649,83;346809229,86;45316548,09;8884871,879999999;;43974600,3;329628726,05
2017;Sudeste;SP;São Paulo;"Institutos Federais, Cefet's e Colégio Pedro II";IFSP;Instituto Federal de São Paulo;15555,330977021798;830008459,1999999;744430366,25;53786673,03;31791419,92;84202,83;79062805,8;672819302,31
2017;Sul;PR;Paraná;"Institutos Federais, Cefet's e Colégio Pedro II";IFPR;Instituto Federal do Paraná;7068,443776682878;353177297,39000005;329519795,59000003;3604079,1;20053422,7;;51216982,239999995;264561673,07
2017;Sul;RS;Rio Grande do Sul;"Institutos Federais, Cefet's e Colégio Pedro II";IF FARROUPILHA;Instituto Federal Farroupilha;17360,24216167824;280455813,72;258682017,21;11798786,04;9975010,47;111537,71;41458728,89;216185119,56
2017;Sul;RS;Rio Grande do Sul;"Institutos Federais, Cefet's e Colégio Pedro II";IFRS;Instituto Federal do Rio Grande do Sul;15433,232723175572;394606185,0500001;362213052,6700001;22391610,15;10001522,23;109929,1;49913006,47999999;313943071,52
2017;Sul;RS;Rio Grande do Sul;"Institutos Federais, Cefet's e Colégio Pedro II";IFSUL;Instituto Federal Sul-rio-grandense;13884,512815527105;405802007,32000005;344893797,5500001;54555200,18;6353009,59;1260497,44;50465701,25000001;331320185,69
2017;Sul;SC;Santa Catarina;"Institutos Federais, Cefet's e Colégio Pedro II";IFC;Instituto Federal Catarinense;18348,623337988447;354900789,58;327727857,77;15551421,56;11621510,25;129275,47;52793363,88999999;273706546,7
2017;Sul;SC;Santa Catarina;"Institutos Federais, Cefet's e Colégio Pedro II";IFSC;Instituto Federal de Santa Catarina;12430,302891377518;545290300,1400001;474215293,9500001;55199545,19;15875461;16267641,51;56656822,53999999;447075159,34000003
